,cubic,orthorhombic,tetragonal,rhombohedral
cubic,0.26666666666666666,0.10256410256410256,0.0,0.0
orthorhombic,0.05641025641025641,0.4717948717948718,0.0,0.005128205128205128
tetragonal,0.010256410256410256,0.02564102564102564,0.0,0.0
rhombohedral,0.010256410256410256,0.046153846153846156,0.0,0.005128205128205128
