,cubic,orthorhombic,tetragonal,rhombohedral
cubic,0.3076923076923077,0.06153846153846154,0.0,0.0
orthorhombic,0.08205128205128205,0.4461538461538462,0.005128205128205128,0.010256410256410256
tetragonal,0.005128205128205128,0.02564102564102564,0.0,0.005128205128205128
rhombohedral,0.005128205128205128,0.035897435897435895,0.0,0.010256410256410256
