,cubic,orthorhombic,tetragonal,rhombohedral
cubic,0.3076923076923077,0.06153846153846154,0.0,0.0
orthorhombic,0.07692307692307693,0.46153846153846156,0.005128205128205128,0.0
tetragonal,0.010256410256410256,0.020512820512820513,0.0,0.005128205128205128
rhombohedral,0.005128205128205128,0.035897435897435895,0.0,0.010256410256410256
