,cubic,orthorhombic,tetragonal,rhombohedral
cubic,0.3230769230769231,0.06153846153846154,0.0,0.0
orthorhombic,0.06153846153846154,0.46153846153846156,0.0,0.005128205128205128
tetragonal,0.005128205128205128,0.005128205128205128,0.010256410256410256,0.010256410256410256
rhombohedral,0.010256410256410256,0.03076923076923077,0.0,0.015384615384615385
