,cubic,orthorhombic,tetragonal,rhombohedral
cubic,0.24615384615384617,0.07692307692307693,0.0,0.015384615384615385
orthorhombic,0.041025641025641026,0.5128205128205128,0.005128205128205128,0.010256410256410256
tetragonal,0.010256410256410256,0.015384615384615385,0.005128205128205128,0.0
rhombohedral,0.005128205128205128,0.03076923076923077,0.010256410256410256,0.015384615384615385
