,cubic,orthorhombic,tetragonal,rhombohedral
cubic,0.3128205128205128,0.05128205128205128,0.005128205128205128,0.0
orthorhombic,0.07179487179487179,0.4512820512820513,0.0,0.005128205128205128
tetragonal,0.015384615384615385,0.010256410256410256,0.010256410256410256,0.005128205128205128
rhombohedral,0.010256410256410256,0.046153846153846156,0.0,0.005128205128205128
