,cubic,orthorhombic,tetragonal,rhombohedral
cubic,0.3128205128205128,0.05641025641025641,0.0,0.0
orthorhombic,0.09230769230769231,0.441025641025641,0.005128205128205128,0.005128205128205128
tetragonal,0.005128205128205128,0.02564102564102564,0.0,0.005128205128205128
rhombohedral,0.005128205128205128,0.035897435897435895,0.0,0.010256410256410256
