,cubic,orthorhombic,tetragonal,rhombohedral
cubic,0.28205128205128205,0.11282051282051282,0.0,0.0
orthorhombic,0.10256410256410256,0.4307692307692308,0.0,0.005128205128205128
tetragonal,0.005128205128205128,0.03076923076923077,0.0,0.005128205128205128
rhombohedral,0.0,0.020512820512820513,0.0,0.005128205128205128
