,cubic,orthorhombic,tetragonal,rhombohedral
cubic,0.27692307692307694,0.046153846153846156,0.0,0.005128205128205128
orthorhombic,0.10256410256410256,0.47692307692307695,0.0,0.0
tetragonal,0.010256410256410256,0.015384615384615385,0.0,0.010256410256410256
rhombohedral,0.010256410256410256,0.035897435897435895,0.0,0.010256410256410256
