,cubic,orthorhombic,tetragonal,rhombohedral
cubic,0.2923076923076923,0.09230769230769231,0.0,0.005128205128205128
orthorhombic,0.08717948717948718,0.4564102564102564,0.0,0.0
tetragonal,0.010256410256410256,0.010256410256410256,0.005128205128205128,0.010256410256410256
rhombohedral,0.005128205128205128,0.020512820512820513,0.0,0.005128205128205128
