,cubic,orthorhombic,tetragonal,rhombohedral
cubic,0.31794871794871793,0.05128205128205128,0.0,0.0
orthorhombic,0.09743589743589744,0.4358974358974359,0.005128205128205128,0.005128205128205128
tetragonal,0.005128205128205128,0.02564102564102564,0.0,0.005128205128205128
rhombohedral,0.005128205128205128,0.035897435897435895,0.0,0.010256410256410256
