,cubic,orthorhombic,tetragonal,rhombohedral
cubic,0.3128205128205128,0.041025641025641026,0.0,0.005128205128205128
orthorhombic,0.06666666666666667,0.4717948717948718,0.0,0.02564102564102564
tetragonal,0.005128205128205128,0.005128205128205128,0.015384615384615385,0.005128205128205128
rhombohedral,0.0,0.02564102564102564,0.0,0.020512820512820513
