,cubic,orthorhombic,tetragonal,rhombohedral
cubic,0.3128205128205128,0.05641025641025641,0.0,0.0
orthorhombic,0.07692307692307693,0.4564102564102564,0.0,0.010256410256410256
tetragonal,0.010256410256410256,0.020512820512820513,0.0,0.005128205128205128
rhombohedral,0.005128205128205128,0.035897435897435895,0.0,0.010256410256410256
