,cubic,orthorhombic,tetragonal,rhombohedral
cubic,0.30256410256410254,0.07179487179487179,0.0,0.0
orthorhombic,0.09230769230769231,0.4358974358974359,0.005128205128205128,0.005128205128205128
tetragonal,0.005128205128205128,0.015384615384615385,0.0,0.010256410256410256
rhombohedral,0.010256410256410256,0.035897435897435895,0.0,0.010256410256410256
