,cubic,orthorhombic,tetragonal,rhombohedral
cubic,0.2717948717948718,0.06666666666666667,0.0,0.0
orthorhombic,0.046153846153846156,0.517948717948718,0.005128205128205128,0.005128205128205128
tetragonal,0.020512820512820513,0.0,0.010256410256410256,0.0
rhombohedral,0.0,0.041025641025641026,0.005128205128205128,0.010256410256410256
