,cubic,orthorhombic,tetragonal,rhombohedral
cubic,0.2923076923076923,0.06153846153846154,0.0,0.0
orthorhombic,0.07179487179487179,0.48205128205128206,0.005128205128205128,0.015384615384615385
tetragonal,0.015384615384615385,0.010256410256410256,0.010256410256410256,0.005128205128205128
rhombohedral,0.0,0.020512820512820513,0.0,0.010256410256410256
